SerialNumber;Result;DetailResult;StationID;TestName;TestDefinitionFile;TestVersion;TestDefinitionVersion;TestTime;SitesNumber;Date;Time;Serial1
10119638#G9638AB40250043;Pass;P;MI_PL_X99_IO_HUB;10116699_MI_PL_X99_IO_HUB;10116699_MI_PL_X99_IO_HUB;1.0.0;Default;109.337718;1;19.02.2026;7:49:40;10119638#G9638AB40250043

Status;TsId;TsName;SiteId;SiteSN;Expected/Regex;LowerLimit;UpperLimit;Value;Unit;Type;Skipped;PassFail;TestTime
Pass;147;C0809//C0810//C15//C0816//C208//C214//C220//C226//C236/DIS/DISCH;1;10119638#G9638AB40250043;;;;();;String;False;Pass;0
Pass;148;C18//C900//C921//C904//C916//C917//C924//C901//C902//C903//C914//C915//C919//C923//C926/DIS/DISCH;1;10119638#G9638AB40250043;;;;();;String;False;Pass;0
Pass;149;C24//C1519//C50//C56//C78//C201//C53//C54//C1502//C1527//C0802//C0818//C0819//C1//C3//C5//C9//C17//C42//C43//C44//C51//C52//C55//C57//C58//C77//C96//C100//C114//C115//C200//C202//C203//C205//C206//C2/DISCH;1;10119638#G9638AB40250043;;;;();;String;False;Pass;0
Pass;150;C28//C29//C30//C105//C31/DIS/DISCH;1;10119638#G9638AB40250043;;;;();;String;False;Pass;0
Pass;151;C33//C14/DIS/DISCH;1;10119638#G9638AB40250043;;;;();;String;False;Pass;0
Pass;152;C35//C83//C94//C0801//C16//C49//C75//C207//C213//C219//C225//C235//C800//D32//D800_5/DIS/DISCH;1;10119638#G9638AB40250043;;;;();;String;False;Pass;0
Pass;153;C46//C82//C7//C8//C19/DIS/DISCH;1;10119638#G9638AB40250043;;;;();;String;False;Pass;0
Pass;154;C62//C61/DIS/DISCH;1;10119638#G9638AB40250043;;;;();;String;False;Pass;0
Pass;155;C68//C67/DIS/DISCH;1;10119638#G9638AB40250043;;;;();;String;False;Pass;0
Pass;156;C72//C73/DIS/DISCH;1;10119638#G9638AB40250043;;;;();;String;False;Pass;0
Pass;157;C107//C109//C0806//C0807//C37//C2//C4//C48//C97//C209//C215//C221//C227//C237//C1200//D40//D49/DIS/DISCH;1;10119638#G9638AB40250043;;;;();;String;False;Pass;0
Pass;158;C908//C909//C922//C905//C906//C907//C925/DIS/DISCH;1;10119638#G9638AB40250043;;;;();;String;False;Pass;0
Pass;159;C1511//C91//C1506//C1507//C1512//C1514//C1516//C1508//C1513//C1515//C1517/DIS/DISCH;1;10119638#G9638AB40250043;;;;();;String;False;Pass;0
Pass;160;PinCheck;1;10119638#G9638AB40250043;;;;();;String;False;Pass;0
Pass;161;F0802/OPEN;1;10119638#G9638AB40250043;;;;;;String;False;Pass;0
Pass;162;F1/OPEN;1;10119638#G9638AB40250043;;;;;;String;False;Pass;0
Pass;163;F3/OPEN;1;10119638#G9638AB40250043;;;;;;String;False;Pass;0
Pass;164;F4/OPEN;1;10119638#G9638AB40250043;;;;;;String;False;Pass;0
Pass;165;F6/OPEN;1;10119638#G9638AB40250043;;;;;;String;False;Pass;0
Pass;166;F7/OPEN;1;10119638#G9638AB40250043;;;;;;String;False;Pass;0
Pass;167;FR0804/OPEN;1;10119638#G9638AB40250043;;;;;;String;False;Pass;0
Pass;168;FR1/OPEN;1;10119638#G9638AB40250043;;;;;;String;False;Pass;0
Pass;169;FR2/OPEN;1;10119638#G9638AB40250043;;;;;;String;False;Pass;0
Pass;170;FR3/OPEN;1;10119638#G9638AB40250043;;;;;;String;False;Pass;0
Pass;171;FR4/OPEN;1;10119638#G9638AB40250043;;;;;;String;False;Pass;0
Pass;172;FR5/OPEN;1;10119638#G9638AB40250043;;;;;;String;False;Pass;0
Pass;173;FR6/OPEN;1;10119638#G9638AB40250043;;;;;;String;False;Pass;0
Pass;174;FR7/OPEN;1;10119638#G9638AB40250043;;;;;;String;False;Pass;0
Pass;175;FR8/OPEN;1;10119638#G9638AB40250043;;;;;;String;False;Pass;0
Pass;176;FR9/OPEN;1;10119638#G9638AB40250043;;;;;;String;False;Pass;0
Pass;177;FR10/OPEN;1;10119638#G9638AB40250043;;;;;;String;False;Pass;0
Pass;178;FR11/OPEN;1;10119638#G9638AB40250043;;;;;;String;False;Pass;0
Pass;179;FR12/OPEN;1;10119638#G9638AB40250043;;;;;;String;False;Pass;0
Pass;180;FR13/OPEN;1;10119638#G9638AB40250043;;;;;;String;False;Pass;0
Pass;181;FR14/OPEN;1;10119638#G9638AB40250043;;;;;;String;False;Pass;0
Pass;182;FR15/OPEN;1;10119638#G9638AB40250043;;;;;;String;False;Pass;0
Pass;183;FR200/OPEN;1;10119638#G9638AB40250043;;;;;;String;False;Pass;0
Pass;184;FR1500/OPEN;1;10119638#G9638AB40250043;;;;;;String;False;Pass;0
Pass;185;FR1501/OPEN;1;10119638#G9638AB40250043;;;;;;String;False;Pass;0
Pass;186;FR1502/OPEN;1;10119638#G9638AB40250043;;;;;;String;False;Pass;0
Pass;187;K1_3//D3/OPEN;1;10119638#G9638AB40250043;;;;;;String;False;Pass;0
Pass;188;K2_3//D9/OPEN;1;10119638#G9638AB40250043;;;;;;String;False;Pass;0
Pass;189;L0801_1/OPEN;1;10119638#G9638AB40250043;;;;;;String;False;Pass;0
Pass;190;L0801_2/OPEN;1;10119638#G9638AB40250043;;;;;;String;False;Pass;0
Pass;191;L0802_1/OPEN;1;10119638#G9638AB40250043;;;;;;String;False;Pass;0
Pass;192;L0802_2/OPEN;1;10119638#G9638AB40250043;;;;;;String;False;Pass;0
Pass;193;L1_1/OPEN;1;10119638#G9638AB40250043;;;;;;String;False;Pass;0
Pass;194;L1_2/OPEN;1;10119638#G9638AB40250043;;;;;;String;False;Pass;0
Pass;195;L2/OPEN;1;10119638#G9638AB40250043;;;;;;String;False;Pass;0
Pass;196;L3/OPEN;1;10119638#G9638AB40250043;;;;;;String;False;Pass;0
Pass;197;L4_1/OPEN;1;10119638#G9638AB40250043;;;;;;String;False;Pass;0
Pass;198;L4_2/OPEN;1;10119638#G9638AB40250043;;;;;;String;False;Pass;0
Pass;199;L5_1/OPEN;1;10119638#G9638AB40250043;;;;;;String;False;Pass;0
Pass;200;L5_2/OPEN;1;10119638#G9638AB40250043;;;;;;String;False;Pass;0
Pass;201;L6_1/OPEN;1;10119638#G9638AB40250043;;;;;;String;False;Pass;0
Pass;202;L6_2/OPEN;1;10119638#G9638AB40250043;;;;;;String;False;Pass;0
Pass;203;L8/OPEN;1;10119638#G9638AB40250043;;;;;;String;False;Pass;0
Pass;204;R0803/OPEN;1;10119638#G9638AB40250043;;;;;;String;False;Pass;0
Pass;205;R0804/OPEN;1;10119638#G9638AB40250043;;;;;;String;False;Pass;0
Pass;206;R7/OPEN;1;10119638#G9638AB40250043;;;;;;String;False;Pass;0
Pass;207;R22/OPEN;1;10119638#G9638AB40250043;;;;;;String;False;Pass;0
Pass;208;R25/OPEN;1;10119638#G9638AB40250043;;;;;;String;False;Pass;0
Pass;209;R32/OPEN;1;10119638#G9638AB40250043;;;;;;String;False;Pass;0
Pass;210;R41/OPEN;1;10119638#G9638AB40250043;;;;;;String;False;Pass;0
Pass;211;R60/OPEN;1;10119638#G9638AB40250043;;;;;;String;False;Pass;0
Pass;212;R67/OPEN;1;10119638#G9638AB40250043;;;;;;String;False;Pass;0
Pass;213;R104//R109//R110//R111/OPEN;1;10119638#G9638AB40250043;;;;;;String;False;Pass;0
Pass;214;R115/OPEN;1;10119638#G9638AB40250043;;;;;;String;False;Pass;0
Pass;215;R132/OPEN;1;10119638#G9638AB40250043;;;;;;String;False;Pass;0
Pass;216;R803/OPEN;1;10119638#G9638AB40250043;;;;;;String;False;Pass;0
Pass;217;R804/OPEN;1;10119638#G9638AB40250043;;;;;;String;False;Pass;0
Pass;218;R807/OPEN;1;10119638#G9638AB40250043;;;;;;String;False;Pass;0
Pass;219;R903/OPEN;1;10119638#G9638AB40250043;;;;;;String;False;Pass;0
Pass;220;R904/OPEN;1;10119638#G9638AB40250043;;;;;;String;False;Pass;0
Pass;221;R1109/OPEN;1;10119638#G9638AB40250043;;;;;;String;False;Pass;0
Pass;222;R1509/OPEN;1;10119638#G9638AB40250043;;;;;;String;False;Pass;0
Pass;223;R1512/OPEN;1;10119638#G9638AB40250043;;;;;;String;False;Pass;0
Pass;224;Short test for all nets;1;10119638#G9638AB40250043;;;;;;String;False;Pass;0
Pass;225;D0801/F5mA;1;10119638#G9638AB40250043;1.920000;1.728000;2.112000;1.8896484375;V;Double Float;False;Pass;0
Pass;226;D0802/F5mA;1;10119638#G9638AB40250043;1.920000;1.728000;2.112000;1.88586425781;V;Double Float;False;Pass;0
Pass;227;D0807/F5mA;1;10119638#G9638AB40250043;0.250000;0.225000;0.275000;0.25439453125;V;Double Float;False;Pass;0
Pass;228;D0808/F5mA;1;10119638#G9638AB40250043;0.700000;0.630000;0.770000;0.703308105469;V;Double Float;False;Pass;0
Pass;229;D2_2/F5mA;1;10119638#G9638AB40250043;0.690000;0.621000;0.759000;0.693969726562;V;Double Float;False;Pass;0
Pass;230;D6/F5mA;1;10119638#G9638AB40250043;1.920000;1.728000;2.112000;1.90270996094;V;Double Float;False;Pass;0
Pass;231;D7/F5mA;1;10119638#G9638AB40250043;0.255000;0.204000;0.306000;0.257598876953;V;Double Float;False;Pass;0
Pass;232;D8/F5mA;1;10119638#G9638AB40250043;0.255000;0.204000;0.306000;0.258850097656;V;Double Float;False;Pass;0
Pass;233;D12/F5mA;1;10119638#G9638AB40250043;1.920000;1.728000;2.112000;1.90588378906;V;Double Float;False;Pass;0
Pass;234;D13/F5mA;1;10119638#G9638AB40250043;0.705000;0.634500;0.775500;0.700500488281;V;Double Float;False;Pass;0
Pass;235;D14/F5mA;1;10119638#G9638AB40250043;0.705000;0.634500;0.775500;0.706481933594;V;Double Float;False;Pass;0
Pass;236;D15_1/F5mA;1;10119638#G9638AB40250043;0.390000;0.312000;0.468000;0.391906738281;V;Double Float;False;Pass;0
Pass;237;D18_2/F5mA;1;10119638#G9638AB40250043;0.690000;0.621000;0.759000;0.694580078125;V;Double Float;False;Pass;0
Pass;238;D19/F5mA;1;10119638#G9638AB40250043;1.920000;1.728000;2.112000;1.91589355469;V;Double Float;False;Pass;0
Pass;239;D20_1/F5mA;1;10119638#G9638AB40250043;0.780000;0.702000;0.858000;0.78857421875;V;Double Float;False;Pass;0
Pass;240;D20_2/F5mA;1;10119638#G9638AB40250043;0.860000;0.774000;0.946000;0.865417480469;V;Double Float;False;Pass;0
Pass;241;D20_3/F5mA;1;10119638#G9638AB40250043;0.760000;0.684000;0.836000;0.764221191406;V;Double Float;False;Pass;0
Pass;242;D20_4/F5mA;1;10119638#G9638AB40250043;0.870000;0.783000;0.957000;0.873229980469;V;Double Float;False;Pass;0
Pass;243;D20_5/F5mA;1;10119638#G9638AB40250043;0.690000;0.621000;0.759000;0.695495605469;V;Double Float;False;Pass;0
Pass;244;D22//D24_2/F5mA;1;10119638#G9638AB40250043;0.690000;0.621000;0.759000;0.693664550781;V;Double Float;False;Pass;0
Pass;245;D23//D39_2/F5mA;1;10119638#G9638AB40250043;0.690000;0.621000;0.759000;0.693054199219;V;Double Float;False;Pass;0
Pass;246;D25/F5mA;1;10119638#G9638AB40250043;1.920000;1.728000;2.112000;1.91796875;V;Double Float;False;Pass;0
Pass;247;D26_1/F5mA;1;10119638#G9638AB40250043;0.780000;0.702000;0.858000;0.787109375;V;Double Float;False;Pass;0
Pass;248;D26_2/F5mA;1;10119638#G9638AB40250043;0.860000;0.774000;0.946000;0.864501953125;V;Double Float;False;Pass;0
Pass;249;D26_3/F5mA;1;10119638#G9638AB40250043;0.760000;0.684000;0.836000;0.768310546875;V;Double Float;False;Pass;0
Pass;250;D26_4/F5mA;1;10119638#G9638AB40250043;0.870000;0.783000;0.957000;0.872314453125;V;Double Float;False;Pass;0
Pass;251;D26_5/F5mA;1;10119638#G9638AB40250043;0.690000;0.621000;0.759000;0.694885253906;V;Double Float;False;Pass;0
Pass;252;D27_1/F5mA;1;10119638#G9638AB40250043;0.780000;0.702000;0.858000;0.788269042969;V;Double Float;False;Pass;0
Pass;253;D27_2/F5mA;1;10119638#G9638AB40250043;0.860000;0.774000;0.946000;0.864807128906;V;Double Float;False;Pass;0
Pass;254;D27_3/F5mA;1;10119638#G9638AB40250043;0.760000;0.684000;0.836000;0.76611328125;V;Double Float;False;Pass;0
Pass;255;D27_4/F5mA;1;10119638#G9638AB40250043;0.870000;0.783000;0.957000;0.873840332031;V;Double Float;False;Pass;0
Pass;256;D27_5/F5mA;1;10119638#G9638AB40250043;0.680000;0.612000;0.748000;0.692687988281;V;Double Float;False;Pass;0
Pass;257;D28_2/F5mA;1;10119638#G9638AB40250043;0.630000;0.567000;0.693000;0.628356933594;V;Double Float;False;Pass;0
Pass;258;D29/F5mA;1;10119638#G9638AB40250043;1.920000;1.536000;2.304000;1.91333007813;V;Double Float;False;Pass;0
Pass;259;D30/F5mA;1;10119638#G9638AB40250043;1.920000;1.728000;2.112000;1.91271972656;V;Double Float;False;Pass;0
Pass;260;D31_1/F5mA;1;10119638#G9638AB40250043;0.780000;0.702000;0.858000;0.786071777344;V;Double Float;False;Pass;0
Pass;261;D31_2/F5mA;1;10119638#G9638AB40250043;0.860000;0.774000;0.946000;0.86328125;V;Double Float;False;Pass;0
Pass;262;D31_3/F5mA;1;10119638#G9638AB40250043;0.780000;0.702000;0.858000;0.786071777344;V;Double Float;False;Pass;0
Pass;263;D31_4/F5mA;1;10119638#G9638AB40250043;0.860000;0.774000;0.946000;0.863891601562;V;Double Float;False;Pass;0
Pass;264;D33/F5mA;1;10119638#G9638AB40250043;1.910000;1.719000;2.101000;1.86462402344;V;Double Float;False;Pass;0
Pass;265;D34/F5mA;1;10119638#G9638AB40250043;1.920000;1.728000;2.112000;1.90832519531;V;Double Float;False;Pass;0
Pass;266;D35/F5mA;1;10119638#G9638AB40250043;1.920000;1.728000;2.112000;1.91796875;V;Double Float;False;Pass;0
Pass;267;D37/F5mA;1;10119638#G9638AB40250043;0.260000;0.052000;0.312000;0.230621337891;V;Double Float;False;Pass;0
Pass;268;D38/F5mA;1;10119638#G9638AB40250043;1.920000;1.728000;2.112000;1.91796875;V;Double Float;False;Pass;0
Pass;269;D44_2/F5mA;1;10119638#G9638AB40250043;0.690000;0.621000;0.759000;0.696166992187;V;Double Float;False;Pass;0
Pass;270;D48_1/F5mA;1;10119638#G9638AB40250043;0.250000;0.200000;0.300000;0.257598876953;V;Double Float;False;Pass;0
Pass;271;D53/F5mA;1;10119638#G9638AB40250043;2.800000;2.240000;3.360000;2.79443359375;V;Double Float;False;Pass;0
Pass;272;D400_1/F5mA;1;10119638#G9638AB40250043;0.350000;0.280000;0.420000;0.3505859375;V;Double Float;False;Pass;0
Pass;273;D800_1/F5mA;1;10119638#G9638AB40250043;0.570000;0.513000;0.627000;0.595886230469;V;Double Float;False;Pass;0
Pass;274;D800_2/F5mA;1;10119638#G9638AB40250043;0.860000;0.774000;0.946000;0.866027832031;V;Double Float;False;Pass;0
Pass;275;D800_6/F5mA;1;10119638#G9638AB40250043;0.580000;0.522000;0.638000;0.60400390625;V;Double Float;False;Pass;0
Pass;276;D800_7/F5mA;1;10119638#G9638AB40250043;0.870000;0.783000;0.957000;0.872619628906;V;Double Float;False;Pass;0
Pass;277;D900_2/F5mA;1;10119638#G9638AB40250043;0.690000;0.621000;0.759000;0.681762695312;V;Double Float;False;Pass;0
Pass;278;D1500_1/F5mA;1;10119638#G9638AB40250043;0.525000;0.472500;0.577500;0.545593261719;V;Double Float;False;Pass;0
Pass;279;D1500_3/F5mA;1;10119638#G9638AB40250043;0.525000;0.472500;0.577500;0.534057617187;V;Double Float;False;Pass;0
Pass;280;D1500_6/F5mA;1;10119638#G9638AB40250043;0.525000;0.472500;0.577500;0.55810546875;V;Double Float;False;Pass;0
Pass;281;D1500_8/F5mA;1;10119638#G9638AB40250043;0.525000;0.472500;0.577500;0.547485351562;V;Double Float;False;Pass;0
Pass;282;D1501_1/F5mA;1;10119638#G9638AB40250043;0.520000;0.468000;0.572000;0.542785644531;V;Double Float;False;Pass;0
Pass;283;D1501_3/F5mA;1;10119638#G9638AB40250043;0.520000;0.468000;0.572000;0.535583496094;V;Double Float;False;Pass;0
Pass;284;D1501_6/F5mA;1;10119638#G9638AB40250043;0.520000;0.468000;0.572000;0.536560058594;V;Double Float;False;Pass;0
Pass;285;D1501_8/F5mA;1;10119638#G9638AB40250043;0.520000;0.468000;0.572000;0.532165527344;V;Double Float;False;Pass;0
Pass;286;U6_1/F5mA;1;10119638#G9638AB40250043;1.550000;1.395000;1.705000;1.53967285156;V;Double Float;False;Pass;0
Pass;287;U6_2/F5mA;1;10119638#G9638AB40250043;0.725000;0.652500;0.797500;0.768310546875;V;Double Float;False;Pass;0
Pass;288;U6_3/F5mA;1;10119638#G9638AB40250043;0.800000;0.720000;0.880000;0.80517578125;V;Double Float;False;Pass;0
Pass;289;U8_1/F5mA;1;10119638#G9638AB40250043;1.550000;1.395000;1.705000;1.54223632813;V;Double Float;False;Pass;0
Pass;290;U8_2/F5mA;1;10119638#G9638AB40250043;0.730000;0.584000;0.876000;0.747375488281;V;Double Float;False;Pass;0
Pass;291;U8_3/F5mA;1;10119638#G9638AB40250043;0.800000;0.720000;0.880000;0.80419921875;V;Double Float;False;Pass;0
Pass;292;U22_1/F5mA;1;10119638#G9638AB40250043;0.835000;0.751500;0.918500;0.836669921875;V;Double Float;False;Pass;0
Pass;293;U22_2/F5mA;1;10119638#G9638AB40250043;0.835000;0.751500;0.918500;0.837341308594;V;Double Float;False;Pass;0
Pass;294;U24_1/F5mA;1;10119638#G9638AB40250043;1.550000;1.395000;1.705000;1.54296875;V;Double Float;False;Pass;0
Pass;295;U24_2/F5mA;1;10119638#G9638AB40250043;0.730000;0.584000;0.876000;0.748291015625;V;Double Float;False;Pass;0
Pass;296;U24_3/F5mA;1;10119638#G9638AB40250043;0.800000;0.720000;0.880000;0.80517578125;V;Double Float;False;Pass;0
Pass;297;U26_1/F5mA;1;10119638#G9638AB40250043;0.830000;0.747000;0.913000;0.832946777344;V;Double Float;False;Pass;0
Pass;298;U26_2/F5mA;1;10119638#G9638AB40250043;0.830000;0.747000;0.913000;0.832336425781;V;Double Float;False;Pass;0
Pass;299;U31_1/F5mA;1;10119638#G9638AB40250043;0.550000;0.440000;0.660000;0.559692382812;V;Double Float;False;Pass;0
Pass;300;U31_2/F5mA;1;10119638#G9638AB40250043;0.550000;0.440000;0.660000;0.558715820312;V;Double Float;False;Pass;0
Pass;301;U33_1/F5mA;1;10119638#G9638AB40250043;0.550000;0.440000;0.660000;0.557800292969;V;Double Float;False;Pass;0
Pass;302;U33_2/F5mA;1;10119638#G9638AB40250043;0.550000;0.440000;0.660000;0.557189941406;V;Double Float;False;Pass;0
Pass;303;D1_1/F5mA;1;10119638#G9638AB40250043;0.795000;0.715500;0.874500;0.795471191406;V;Double Float;False;Pass;0
Pass;304;D1_1/R;1;10119638#G9638AB40250043;4.700000;4.465000;4.935000;4.7216796875;V;Double Float;False;Pass;0
Pass;305;D17_1/F5mA;1;10119638#G9638AB40250043;0.795000;0.715500;0.874500;0.795166015625;V;Double Float;False;Pass;0
Pass;306;D17_1/R;1;10119638#G9638AB40250043;4.700000;4.465000;4.935000;4.7138671875;V;Double Float;False;Pass;0
Pass;307;D43_1/F5mA;1;10119638#G9638AB40250043;0.795000;0.715500;0.874500;0.796081542969;V;Double Float;False;Pass;0
Pass;308;D43_1/R;1;10119638#G9638AB40250043;4.700000;4.465000;4.935000;4.74267578125;V;Double Float;False;Pass;0
Pass;309;Q6/ON;1;10119638#G9638AB40250043;-0.250000;-0.250000;0.250000;-0.0500335693359;V;Double Float;False;Pass;0
Pass;310;Q6/OFF;1;10119638#G9638AB40250043;-1.000000;-1.200000;-0.800000;-0.999084472656;V;Double Float;False;Pass;0
Pass;311;Q7/ON;1;10119638#G9638AB40250043;-0.250000;-0.250000;0.250000;-0.0509033203125;V;Double Float;False;Pass;0
Pass;312;Q7/OFF;1;10119638#G9638AB40250043;-1.000000;-1.200000;-0.800000;-0.999084472656;V;Double Float;False;Pass;0
Pass;313;Q12/ON;1;10119638#G9638AB40250043;-0.250000;-0.250000;0.250000;-0.050594329834;V;Double Float;False;Pass;0
Pass;314;Q12/OFF;1;10119638#G9638AB40250043;-1.000000;-1.200000;-0.800000;-0.999084472656;V;Double Float;False;Pass;0
Pass;315;Q1/ON;1;10119638#G9638AB40250043;0.450000;-0.450000;0.450000;0.242858886719;V;Double Float;False;Pass;0
Pass;316;Q1/OFF;1;10119638#G9638AB40250043;5.000000;4.000000;6.000000;4.99536132813;V;Double Float;False;Pass;0
Pass;317;Q2/ON;1;10119638#G9638AB40250043;0.400000;-0.400000;0.400000;0.225616455078;V;Double Float;False;Pass;0
Pass;318;Q2/OFF;1;10119638#G9638AB40250043;3.000000;2.400000;3.600000;2.57690429688;V;Double Float;False;Pass;0
Pass;319;Q4/ON;1;10119638#G9638AB40250043;0.400000;-0.400000;0.400000;0.182388305664;V;Double Float;False;Pass;0
Pass;320;Q4/OFF;1;10119638#G9638AB40250043;3.000000;2.400000;3.600000;2.625;V;Double Float;False;Pass;0
Pass;321;R0801;1;10119638#G9638AB40250043;475.000000;456.000000;494.000000;473.484375;Ohm;Double Float;False;Pass;0
Pass;322;R0802;1;10119638#G9638AB40250043;475.000000;456.000000;494.000000;474.0625;Ohm;Double Float;False;Pass;0
Pass;323;R0807;1;10119638#G9638AB40250043;47500.000000;45600.000000;49400.000000;47647.0022631;Ohm;Double Float;False;Pass;0
Pass;324;R0808;1;10119638#G9638AB40250043;1000.000000;940.000000;1060.000000;998.218797413;Ohm;Double Float;False;Pass;0
Pass;325;R0813;1;10119638#G9638AB40250043;1000.000000;960.000000;1040.000000;997.593797383;Ohm;Double Float;False;Pass;0
Pass;326;R1;1;10119638#G9638AB40250043;4700.000000;4512.000000;4888.000000;4711.25022377;Ohm;Double Float;False;Pass;0
Pass;327;R2;1;10119638#G9638AB40250043;4700.000000;4512.000000;4888.000000;4667.50022169;Ohm;Double Float;False;Pass;0
Pass;328;R4;1;10119638#G9638AB40250043;22.000000;21.120000;24.200000;22.7607421875;Ohm;Double Float;False;Pass;0
Pass;329;R5;1;10119638#G9638AB40250043;1780.000000;1708.800000;1851.200000;1774.31258428;Ohm;Double Float;False;Pass;0
Pass;330;R8;1;10119638#G9638AB40250043;10000.000000;9200.000000;10800.000000;10007.5004753;Ohm;Double Float;False;Pass;0
Pass;331;R9;1;10119638#G9638AB40250043;47500.000000;45600.000000;49400.000000;47395.0022511;Ohm;Double Float;False;Pass;0
Pass;332;R10;1;10119638#G9638AB40250043;47500.000000;43700.000000;51300.000000;47345.0022488;Ohm;Double Float;False;Pass;0
Pass;333;R11;1;10119638#G9638AB40250043;1000.000000;920.000000;1080.000000;997.906297398;Ohm;Double Float;False;Pass;0
Pass;334;R12;1;10119638#G9638AB40250043;22.000000;21.120000;24.200000;22.8466796875;Ohm;Double Float;False;Pass;0
Pass;335;R13;1;10119638#G9638AB40250043;1000.000000;960.000000;1040.000000;998.437547423;Ohm;Double Float;False;Pass;0
Pass;336;R15;1;10119638#G9638AB40250043;10000.000000;9600.000000;10400.000000;9985.50047429;Ohm;Double Float;False;Pass;0
Pass;337;R16;1;10119638#G9638AB40250043;1000.000000;900.000000;1100.000000;974.187546271;Ohm;Double Float;False;Pass;0
Pass;338;R17;1;10119638#G9638AB40250043;1000.000000;900.000000;1100.000000;959.437545571;Ohm;Double Float;False;Pass;0
Pass;339;R18;1;10119638#G9638AB40250043;1000.000000;960.000000;1040.000000;997.906297398;Ohm;Double Float;False;Pass;0
Pass;340;R19;1;10119638#G9638AB40250043;22.000000;21.120000;24.200000;23.037109375;Ohm;Double Float;False;Pass;0
Pass;341;R20;1;10119638#G9638AB40250043;1000.000000;960.000000;1040.000000;995.312547275;Ohm;Double Float;False;Pass;0
Pass;342;R23;1;10119638#G9638AB40250043;1000.000000;900.000000;1100.000000;1013.75004815;Ohm;Double Float;False;Pass;0
Pass;343;R24;1;10119638#G9638AB40250043;348000.000000;313200.000000;382800.000000;340479.016172;Ohm;Double Float;False;Pass;0
Pass;344;R29;1;10119638#G9638AB40250043;825.000000;792.000000;858.000000;824.3125;Ohm;Double Float;False;Pass;0
Pass;345;R30;1;10119638#G9638AB40250043;22.000000;21.120000;24.200000;23.169921875;Ohm;Double Float;False;Pass;0
Pass;346;R31;1;10119638#G9638AB40250043;10000.000000;9600.000000;10400.000000;9983.00047417;Ohm;Double Float;False;Pass;0
Pass;347;R32;1;10119638#G9638AB40250043;0.800000;0.000000;2.000000;0.727111816406;Ohm;Double Float;False;Pass;0
Pass;348;R34;1;10119638#G9638AB40250043;10000.000000;4000.000000;16000.000000;9850.50046787;Ohm;Double Float;False;Pass;0
Pass;349;R35;1;10119638#G9638AB40250043;825.000000;792.000000;858.000000;824.625;Ohm;Double Float;False;Pass;0
Pass;350;R36;1;10119638#G9638AB40250043;22.000000;21.120000;24.200000;23.1494140625;Ohm;Double Float;False;Pass;0
Pass;351;R37;1;10119638#G9638AB40250043;10000.000000;9600.000000;10400.000000;10002.5004751;Ohm;Double Float;False;Pass;0
Pass;352;R38;1;10119638#G9638AB40250043;2300.000000;920.000000;3680.000000;2795.00013276;Ohm;Double Float;False;Pass;0
Pass;353;R40;1;10119638#G9638AB40250043;120.000000;115.200000;124.800000;120.5;Ohm;Double Float;False;Pass;0
Pass;354;R42;1;10119638#G9638AB40250043;47500.000000;45600.000000;49400.000000;46161.0021925;Ohm;Double Float;False;Pass;0
Pass;355;R45;1;10119638#G9638AB40250043;2200.000000;2112.000000;2288.000000;2140.62510167;Ohm;Double Float;False;Pass;0
Pass;356;R46;1;10119638#G9638AB40250043;2200.000000;2112.000000;2288.000000;2144.00010183;Ohm;Double Float;False;Pass;0
Pass;357;R47;1;10119638#G9638AB40250043;10000.000000;9600.000000;10400.000000;9987.50047438;Ohm;Double Float;False;Pass;0
Pass;358;R53;1;10119638#G9638AB40250043;2200.000000;2112.000000;2288.000000;2163.75010277;Ohm;Double Float;False;Pass;0
Pass;359;R54;1;10119638#G9638AB40250043;2200.000000;2112.000000;2288.000000;2163.00010274;Ohm;Double Float;False;Pass;0
Pass;360;R55;1;10119638#G9638AB40250043;47500.000000;45600.000000;49400.000000;46523.0022097;Ohm;Double Float;False;Pass;0
Pass;361;R57;1;10119638#G9638AB40250043;1000.000000;960.000000;1040.000000;998.687547435;Ohm;Double Float;False;Pass;0
Pass;362;R58;1;10119638#G9638AB40250043;1000.000000;960.000000;1040.000000;999.656297481;Ohm;Double Float;False;Pass;0
Pass;363;R59;1;10119638#G9638AB40250043;36500.000000;35040.000000;37960.000000;36533.0017352;Ohm;Double Float;False;Pass;0
Pass;364;R60;1;10119638#G9638AB40250043;0.800000;0.000000;2.000000;0.710571289062;Ohm;Double Float;False;Pass;0
Pass;365;R61;1;10119638#G9638AB40250043;12000.000000;11520.000000;12480.000000;11973.5005687;Ohm;Double Float;False;Pass;0
Pass;366;R62;1;10119638#G9638AB40250043;1780.000000;1708.800000;1851.200000;1772.56258419;Ohm;Double Float;False;Pass;0
Pass;367;R65;1;10119638#G9638AB40250043;10200.000000;9792.000000;10608.000000;10164.0004828;Ohm;Double Float;False;Pass;0
Pass;368;R66;1;10119638#G9638AB40250043;38300.000000;36768.000000;39832.000000;38299.0018191;Ohm;Double Float;False;Pass;0
Pass;369;R67;1;10119638#G9638AB40250043;0.800000;0.000000;2.000000;0.779113769531;Ohm;Double Float;False;Pass;0
Pass;370;R68;1;10119638#G9638AB40250043;1820.000000;1747.200000;1892.800000;1816.68758629;Ohm;Double Float;False;Pass;0
Pass;371;R69;1;10119638#G9638AB40250043;475.000000;456.000000;494.000000;475.1875;Ohm;Double Float;False;Pass;0
Pass;372;R70;1;10119638#G9638AB40250043;1000.000000;960.000000;1040.000000;998.625047432;Ohm;Double Float;False;Pass;0
Pass;373;R71;1;10119638#G9638AB40250043;4700.000000;4512.000000;4888.000000;4696.50022307;Ohm;Double Float;False;Pass;0
Pass;374;R72;1;10119638#G9638AB40250043;3160.000000;3033.600000;3286.400000;3153.00014976;Ohm;Double Float;False;Pass;0
Pass;375;R73;1;10119638#G9638AB40250043;240.000000;230.400000;249.600000;239.875;Ohm;Double Float;False;Pass;0
Pass;376;R75;1;10119638#G9638AB40250043;10000.000000;9600.000000;10400.000000;10070.5004783;Ohm;Double Float;False;Pass;0
Pass;377;R76;1;10119638#G9638AB40250043;10200.000000;9792.000000;10608.000000;10175.0004833;Ohm;Double Float;False;Pass;0
Pass;378;R77;1;10119638#G9638AB40250043;10000.000000;9600.000000;10400.000000;9983.00047417;Ohm;Double Float;False;Pass;0
Pass;379;R78;1;10119638#G9638AB40250043;226000.000000;216960.000000;235040.000000;225791.010724;Ohm;Double Float;False;Pass;0
Pass;380;R79;1;10119638#G9638AB40250043;32000.000000;25600.000000;38400.000000;33023.0015685;Ohm;Double Float;False;Pass;0
Pass;381;R80;1;10119638#G9638AB40250043;19600.000000;15680.000000;23520.000000;19597.0009308;Ohm;Double Float;False;Pass;0
Pass;382;R82;1;10119638#G9638AB40250043;56200.000000;53952.000000;58448.000000;56015.0026606;Ohm;Double Float;False;Pass;0
Pass;383;R83;1;10119638#G9638AB40250043;2050.000000;1968.000000;2132.000000;2048.5000973;Ohm;Double Float;False;Pass;0
Pass;384;R84;1;10119638#G9638AB40250043;47500.000000;45600.000000;49400.000000;47475.0022549;Ohm;Double Float;False;Pass;0
Pass;385;R85;1;10119638#G9638AB40250043;2200.000000;1980.000000;2420.000000;2207.62510486;Ohm;Double Float;False;Pass;0
Pass;386;R86;1;10119638#G9638AB40250043;56200.000000;53952.000000;58448.000000;55119.002618;Ohm;Double Float;False;Pass;0
Pass;387;R87;1;10119638#G9638AB40250043;12000.000000;11520.000000;12480.000000;11977.5005689;Ohm;Double Float;False;Pass;0
Pass;388;R88;1;10119638#G9638AB40250043;4700.000000;4512.000000;4888.000000;4691.50022283;Ohm;Double Float;False;Pass;0
Pass;389;R89;1;10119638#G9638AB40250043;22.000000;21.120000;24.200000;23.0537109375;Ohm;Double Float;False;Pass;0
Pass;390;R90;1;10119638#G9638AB40250043;32300.000000;29070.000000;35530.000000;32511.0015442;Ohm;Double Float;False;Pass;0
Pass;391;R91;1;10119638#G9638AB40250043;100000.000000;96000.000000;104000.000000;100787.004787;Ohm;Double Float;False;Pass;0
Pass;392;R92;1;10119638#G9638AB40250043;100000.000000;96000.000000;104000.000000;99915.0047457;Ohm;Double Float;False;Pass;0
Pass;393;R93;1;10119638#G9638AB40250043;1000.000000;900.000000;1100.000000;1008.15629788;Ohm;Double Float;False;Pass;0
Pass;394;R95;1;10119638#G9638AB40250043;47500.000000;45600.000000;49400.000000;47517.0022569;Ohm;Double Float;False;Pass;0
Pass;395;R97;1;10119638#G9638AB40250043;47500.000000;45600.000000;49400.000000;47547.0022584;Ohm;Double Float;False;Pass;0
Pass;396;R99;1;10119638#G9638AB40250043;47500.000000;45600.000000;49400.000000;47545.0022583;Ohm;Double Float;False;Pass;0
Pass;397;R100;1;10119638#G9638AB40250043;1000.000000;960.000000;1040.000000;997.000047355;Ohm;Double Float;False;Pass;0
Pass;398;R101;1;10119638#G9638AB40250043;47500.000000;45600.000000;49400.000000;47431.0022529;Ohm;Double Float;False;Pass;0
Pass;399;R102;1;10119638#G9638AB40250043;18500.000000;15725.000000;21275.000000;18303.0008693;Ohm;Double Float;False;Pass;0
Pass;400;R104//R109//R110//R111;1;10119638#G9638AB40250043;1.000000;0.000000;2.000000;1.04016113281;Ohm;Double Float;False;Pass;0
Pass;401;R105;1;10119638#G9638AB40250043;4700.000000;4512.000000;4888.000000;4699.00022319;Ohm;Double Float;False;Pass;0
Pass;402;R108;1;10119638#G9638AB40250043;47500.000000;44650.000000;50350.000000;47421.0022524;Ohm;Double Float;False;Pass;0
Pass;403;R112;1;10119638#G9638AB40250043;10000.000000;9600.000000;10400.000000;9930.50047167;Ohm;Double Float;False;Pass;0
Pass;404;R113;1;10119638#G9638AB40250043;240.000000;230.400000;249.600000;240.3828125;Ohm;Double Float;False;Pass;0
Pass;405;R117;1;10119638#G9638AB40250043;22.000000;21.120000;24.200000;23.150390625;Ohm;Double Float;False;Pass;0
Pass;406;R118;1;10119638#G9638AB40250043;22.000000;21.120000;24.200000;22.9375;Ohm;Double Float;False;Pass;0
Pass;407;R119;1;10119638#G9638AB40250043;22.000000;21.120000;24.200000;23.177734375;Ohm;Double Float;False;Pass;0
Pass;408;R120;1;10119638#G9638AB40250043;10000.000000;9600.000000;10400.000000;9985.50047429;Ohm;Double Float;False;Pass;0
Pass;409;R121;1;10119638#G9638AB40250043;825.000000;792.000000;858.000000;823.1875;Ohm;Double Float;False;Pass;0
Pass;410;R122;1;10119638#G9638AB40250043;22.000000;21.120000;24.200000;23.25;Ohm;Double Float;False;Pass;0
Pass;411;R123;1;10119638#G9638AB40250043;10000.000000;9600.000000;10400.000000;9962.50047319;Ohm;Double Float;False;Pass;0
Pass;412;R125;1;10119638#G9638AB40250043;4600.000000;3680.000000;5520.000000;4583.25021769;Ohm;Double Float;False;Pass;0
Pass;413;R127;1;10119638#G9638AB40250043;100000.000000;90000.000000;110000.000000;100143.004757;Ohm;Double Float;False;Pass;0
Pass;414;R129;1;10119638#G9638AB40250043;100.000000;96.000000;104.000000;101.0234375;Ohm;Double Float;False;Pass;0
Pass;415;R131;1;10119638#G9638AB40250043;47500.000000;45600.000000;49400.000000;47665.002264;Ohm;Double Float;False;Pass;0
Pass;416;R134;1;10119638#G9638AB40250043;22.000000;21.120000;24.200000;22.96875;Ohm;Double Float;False;Pass;0
Pass;417;R135;1;10119638#G9638AB40250043;22.000000;21.120000;24.200000;23.1376953125;Ohm;Double Float;False;Pass;0
Pass;418;R136;1;10119638#G9638AB40250043;22.000000;21.120000;24.200000;23.158203125;Ohm;Double Float;False;Pass;0
Pass;419;R137;1;10119638#G9638AB40250043;22.000000;21.120000;24.200000;23.125;Ohm;Double Float;False;Pass;0
Pass;420;R138;1;10119638#G9638AB40250043;22.000000;21.120000;24.200000;23.0087890625;Ohm;Double Float;False;Pass;0
Pass;421;R139;1;10119638#G9638AB40250043;22.000000;21.120000;24.200000;23.095703125;Ohm;Double Float;False;Pass;0
Pass;422;R140;1;10119638#G9638AB40250043;22.000000;21.120000;24.200000;23.091796875;Ohm;Double Float;False;Pass;0
Pass;423;R141;1;10119638#G9638AB40250043;22.000000;21.120000;24.200000;23;Ohm;Double Float;False;Pass;0
Pass;424;R143;1;10119638#G9638AB40250043;47500.000000;42750.000000;52250.000000;47281.0022457;Ohm;Double Float;False;Pass;0
Pass;425;R145;1;10119638#G9638AB40250043;47500.000000;42750.000000;52250.000000;47103.0022373;Ohm;Double Float;False;Pass;0
Pass;426;R146;1;10119638#G9638AB40250043;6800.000000;6528.000000;7072.000000;6741.00032018;Ohm;Double Float;False;Pass;0
Pass;427;R147;1;10119638#G9638AB40250043;6800.000000;6528.000000;7072.000000;6720.75031922;Ohm;Double Float;False;Pass;0
Pass;428;R148;1;10119638#G9638AB40250043;50.000000;45.000000;55.000000;50.677734375;Ohm;Double Float;False;Pass;0
Pass;429;R149;1;10119638#G9638AB40250043;50.000000;48.000000;52.000000;49.615234375;Ohm;Double Float;False;Pass;0
Pass;430;R154;1;10119638#G9638AB40250043;10000.000000;9600.000000;10400.000000;9956.00047288;Ohm;Double Float;False;Pass;0
Pass;431;R157;1;10119638#G9638AB40250043;10000.000000;9600.000000;10400.000000;9990.0004745;Ohm;Double Float;False;Pass;0
Pass;432;R158;1;10119638#G9638AB40250043;10000.000000;9600.000000;10400.000000;9963.00047322;Ohm;Double Float;False;Pass;0
Pass;433;R159;1;10119638#G9638AB40250043;10000.000000;9600.000000;10400.000000;9983.00047417;Ohm;Double Float;False;Pass;0
Pass;434;R161;1;10119638#G9638AB40250043;10000.000000;9600.000000;10400.000000;9964.50047329;Ohm;Double Float;False;Pass;0
Pass;435;R200;1;10119638#G9638AB40250043;47500.000000;45600.000000;49400.000000;47691.0022652;Ohm;Double Float;False;Pass;0
Pass;436;R805;1;10119638#G9638AB40250043;1000.000000;960.000000;1040.000000;999.312547465;Ohm;Double Float;False;Pass;0
Pass;437;R900;1;10119638#G9638AB40250043;49.900000;44.910000;54.890000;50.763671875;Ohm;Double Float;False;Pass;0
Pass;438;R901;1;10119638#G9638AB40250043;49.900000;44.910000;54.890000;50.875;Ohm;Double Float;False;Pass;0
Pass;439;R902;1;10119638#G9638AB40250043;47500.000000;45600.000000;49400.000000;47567.0022593;Ohm;Double Float;False;Pass;0
Pass;440;R905;1;10119638#G9638AB40250043;47500.000000;42750.000000;52250.000000;47729.002267;Ohm;Double Float;False;Pass;0
Pass;441;R906;1;10119638#G9638AB40250043;2200.000000;2112.000000;2288.000000;2198.25010441;Ohm;Double Float;False;Pass;0
Pass;442;R907;1;10119638#G9638AB40250043;2200.000000;2112.000000;2288.000000;2203.12510464;Ohm;Double Float;False;Pass;0
Pass;443;R908;1;10119638#G9638AB40250043;47500.000000;45600.000000;49400.000000;47827.0022717;Ohm;Double Float;False;Pass;0
Pass;444;R909;1;10119638#G9638AB40250043;47500.000000;45600.000000;49400.000000;47317.0022474;Ohm;Double Float;False;Pass;0
Pass;445;R910;1;10119638#G9638AB40250043;33200.000000;29880.000000;36520.000000;33487.0015905;Ohm;Double Float;False;Pass;0
Pass;446;R911;1;10119638#G9638AB40250043;34500.000000;31050.000000;37950.000000;35389.0016809;Ohm;Double Float;False;Pass;0
Pass;447;R1100;1;10119638#G9638AB40250043;10000.000000;9600.000000;10400.000000;9977.00047388;Ohm;Double Float;False;Pass;0
Pass;448;R1101;1;10119638#G9638AB40250043;10000.000000;9600.000000;10400.000000;9967.50047343;Ohm;Double Float;False;Pass;0
Pass;449;R1102;1;10119638#G9638AB40250043;10000.000000;9600.000000;10400.000000;9988.0004744;Ohm;Double Float;False;Pass;0
Pass;450;R1103;1;10119638#G9638AB40250043;10000.000000;9600.000000;10400.000000;9987.50047438;Ohm;Double Float;False;Pass;0
Pass;451;R1104;1;10119638#G9638AB40250043;10000.000000;9600.000000;10400.000000;10106.00048;Ohm;Double Float;False;Pass;0
Pass;452;R1107;1;10119638#G9638AB40250043;47500.000000;45600.000000;49400.000000;47231.0022434;Ohm;Double Float;False;Pass;0
Pass;453;R1108;1;10119638#G9638AB40250043;100.000000;96.000000;104.000000;100.890625;Ohm;Double Float;False;Pass;0
Pass;454;R1110;1;10119638#G9638AB40250043;100.000000;90.000000;110.000000;101.04296875;Ohm;Double Float;False;Pass;0
Pass;455;R1112;1;10119638#G9638AB40250043;10000.000000;9600.000000;10400.000000;10010.5004755;Ohm;Double Float;False;Pass;0
Pass;456;R1113;1;10119638#G9638AB40250043;10000.000000;9600.000000;10400.000000;9983.00047417;Ohm;Double Float;False;Pass;0
Pass;457;R1114;1;10119638#G9638AB40250043;10000.000000;9600.000000;10400.000000;9955.00047284;Ohm;Double Float;False;Pass;0
Pass;458;R1115;1;10119638#G9638AB40250043;10000.000000;9600.000000;10400.000000;9980.50047405;Ohm;Double Float;False;Pass;0
Pass;459;R1116;1;10119638#G9638AB40250043;10000.000000;9600.000000;10400.000000;10010.5004755;Ohm;Double Float;False;Pass;0
Pass;460;R1117;1;10119638#G9638AB40250043;10000.000000;9600.000000;10400.000000;9962.50047319;Ohm;Double Float;False;Pass;0
Pass;461;R1212;1;10119638#G9638AB40250043;10000.000000;9600.000000;10400.000000;9985.00047426;Ohm;Double Float;False;Pass;0
Pass;462;R1500;1;10119638#G9638AB40250043;330.000000;316.800000;343.200000;330.6875;Ohm;Double Float;False;Pass;0
Pass;463;R1501;1;10119638#G9638AB40250043;12100.000000;11374.000000;12826.000000;12217.0005803;Ohm;Double Float;False;Pass;0
Pass;464;R1502;1;10119638#G9638AB40250043;330.000000;310.200000;349.800000;330.328125;Ohm;Double Float;False;Pass;0
Pass;465;R1503;1;10119638#G9638AB40250043;47500.000000;45600.000000;49400.000000;47517.0022569;Ohm;Double Float;False;Pass;0
Pass;466;R1504;1;10119638#G9638AB40250043;47500.000000;45600.000000;49400.000000;48233.0022909;Ohm;Double Float;False;Pass;0
Pass;467;R1505;1;10119638#G9638AB40250043;330.000000;316.800000;343.200000;331.59375;Ohm;Double Float;False;Pass;0
Pass;468;R1506;1;10119638#G9638AB40250043;47500.000000;45600.000000;49400.000000;47487.0022555;Ohm;Double Float;False;Pass;0
Pass;469;R1507;1;10119638#G9638AB40250043;330.000000;316.800000;343.200000;331.703125;Ohm;Double Float;False;Pass;0
Pass;470;R1510;1;10119638#G9638AB40250043;47500.000000;45600.000000;49400.000000;47645.002263;Ohm;Double Float;False;Pass;0
Pass;471;R1514;1;10119638#G9638AB40250043;46500.000000;41850.000000;51150.000000;45645.002168;Ohm;Double Float;False;Pass;0
Pass;472;R1515;1;10119638#G9638AB40250043;47500.000000;44650.000000;50350.000000;47805.0022706;Ohm;Double Float;False;Pass;0
Pass;473;C0809//C0810//C15//C0816//C208//C214//C220//C226//C236;1;10119638#G9638AB40250043;2.420000E-5;1.936000E-5;2.904000E-5;2.50832509021E-5;F;Double Float;False;Pass;0
Pass;474;C6;1;10119638#G9638AB40250043;1.000000E-7;8.000000E-8;1.200000E-7;9.64301119025E-8;F;Double Float;False;Pass;0
Pass;475;C11;1;10119638#G9638AB40250043;3.200000E-10;2.560000E-10;3.840000E-10;3.13702847135E-10;F;Double Float;False;Pass;0
Pass;476;C12;1;10119638#G9638AB40250043;3.900000E-10;3.120000E-10;4.680000E-10;3.68372005001E-10;F;Double Float;False;Pass;0
Pass;477;C21;1;10119638#G9638AB40250043;6.800000E-7;5.440000E-7;8.160000E-7;6.74217544024E-7;F;Double Float;False;Pass;0
Pass;478;C22;1;10119638#G9638AB40250043;1.500000E-8;7.500000E-9;2.250000E-8;1.85719084625E-8;F;Double Float;False;Pass;0
Pass;479;C27;1;10119638#G9638AB40250043;2.200000E-6;1.540000E-6;2.860000E-6;2.03022321266E-6;F;Double Float;False;Pass;0
Pass;480;C28//C29//C30//C105//C31;1;10119638#G9638AB40250043;0.000102;8.160000E-5;0.000122;0.000102281510435;F;Double Float;False;Pass;0
Pass;481;C32;1;10119638#G9638AB40250043;6.800000E-7;5.440000E-7;8.160000E-7;6.68367674102E-7;F;Double Float;False;Pass;0
Pass;482;C33//C14;1;10119638#G9638AB40250043;0.000122;9.760000E-5;0.000146;0.000106573044858;F;Double Float;False;Pass;0
Pass;483;C34;1;10119638#G9638AB40250043;1.500000E-8;9.000000E-9;2.100000E-8;1.64655187332E-8;F;Double Float;False;Pass;0
Pass;484;C38;1;10119638#G9638AB40250043;2.200000E-6;1.694000E-6;2.706000E-6;2.03639322472E-6;F;Double Float;False;Pass;0
Pass;485;C40;1;10119638#G9638AB40250043;1.000000E-7;8.000000E-8;1.200000E-7;1.01363211165E-7;F;Double Float;False;Pass;0
Pass;486;C41;1;10119638#G9638AB40250043;1.000000E-7;8.000000E-8;1.200000E-7;9.20608993552E-8;F;Double Float;False;Pass;0
Pass;487;C62//C61;1;10119638#G9638AB40250043;0.000122;9.760000E-5;0.000146;0.000107139288984;F;Double Float;False;Pass;0
Pass;488;C68//C67;1;10119638#G9638AB40250043;0.000122;9.760000E-5;0.000146;0.000109672486387;F;Double Float;False;Pass;0
Pass;489;C69;1;10119638#G9638AB40250043;1.000000E-7;8.000000E-8;1.200000E-7;9.14424429579E-8;F;Double Float;False;Pass;0
Pass;490;C70;1;10119638#G9638AB40250043;9.500000E-8;7.600000E-8;1.140000E-7;9.87802462118E-8;F;Double Float;False;Pass;0
Pass;491;C71;1;10119638#G9638AB40250043;1.000000E-7;8.000000E-8;1.200000E-7;1.01941649795E-7;F;Double Float;False;Pass;0
Pass;492;C72//C73;1;10119638#G9638AB40250043;0.000105;8.400000E-5;0.000126;9.83960326533E-5;F;Double Float;False;Pass;0
Pass;493;C79;1;10119638#G9638AB40250043;1.000000E-7;8.000000E-8;1.200000E-7;9.08276245395E-8;F;Double Float;False;Pass;0
Pass;494;C80;1;10119638#G9638AB40250043;1.000000E-7;8.000000E-8;1.200000E-7;8.93469671651E-8;F;Double Float;False;Pass;0
Pass;495;C81//C101;1;10119638#G9638AB40250043;2.000000E-7;1.600000E-7;2.400000E-7;1.93655095522E-7;F;Double Float;False;Pass;0
Pass;496;C86;1;10119638#G9638AB40250043;6.000000E-10;4.800000E-10;7.200000E-10;5.81136920925E-10;F;Double Float;False;Pass;0
Pass;497;C88;1;10119638#G9638AB40250043;1.000000E-7;8.000000E-8;1.200000E-7;9.16570837076E-8;F;Double Float;False;Pass;0
Pass;498;C92//C1523//C1518//C1524//C1525//C1526//C1529;1;10119638#G9638AB40250043;8.550000E-6;6.840000E-6;1.026000E-5;8.4936018805E-6;F;Double Float;False;Pass;0
Pass;499;C95;1;10119638#G9638AB40250043;1.000000E-7;8.000000E-8;1.200000E-7;9.10386273104E-8;F;Double Float;False;Pass;0
Pass;500;C98;1;10119638#G9638AB40250043;1.000000E-7;8.000000E-8;1.200000E-7;8.69822809405E-8;F;Double Float;False;Pass;0
Pass;501;C99;1;10119638#G9638AB40250043;1.000000E-7;8.000000E-8;1.200000E-7;9.20390714823E-8;F;Double Float;False;Pass;0
Pass;502;C102//C103//C47;1;10119638#G9638AB40250043;2.001000E-7;1.600800E-7;2.401200E-7;1.90344534808E-7;F;Double Float;False;Pass;0
Pass;503;C104;1;10119638#G9638AB40250043;1.000000E-7;8.000000E-8;1.200000E-7;8.74843220158E-8;F;Double Float;False;Pass;0
Pass;504;C108;1;10119638#G9638AB40250043;2.700000E-9;2.160000E-9;3.240000E-9;2.81855073309E-9;F;Double Float;False;Pass;0
Pass;505;C110;1;10119638#G9638AB40250043;1.150000E-10;9.200000E-11;1.380000E-10;1.14804883185E-10;F;Double Float;False;Pass;0
Pass;506;C111;1;10119638#G9638AB40250043;2.700000E-9;2.160000E-9;3.240000E-9;2.7887647816E-9;F;Double Float;False;Pass;0
Pass;507;C112;1;10119638#G9638AB40250043;1.000000E-7;8.000000E-8;1.200000E-7;9.56515844378E-8;F;Double Float;False;Pass;0
Pass;508;C113;1;10119638#G9638AB40250043;9.500000E-8;7.600000E-8;1.140000E-7;9.27412013921E-8;F;Double Float;False;Pass;0
Pass;509;C908//C909//C922//C905//C906//C907//C925;1;10119638#G9638AB40250043;4.780000E-5;3.824000E-5;5.736000E-5;4.68231137614E-5;F;Double Float;False;Pass;0
Pass;510;C910;1;10119638#G9638AB40250043;9.600000E-8;7.680000E-8;1.152000E-7;9.49130747399E-8;F;Double Float;False;Pass;0
Pass;511;C911;1;10119638#G9638AB40250043;1.000000E-7;8.000000E-8;1.200000E-7;8.72514913722E-8;F;Double Float;False;Pass;0
Pass;512;C1101;1;10119638#G9638AB40250043;2.470000E-10;1.976000E-10;2.964000E-10;2.42151193937E-10;F;Double Float;False;Pass;0
Pass;513;C18//C900//C921//C904//C916//C917//C924//C901//C902//C903//C914//C915//C919//C923//C926;1;10119638#G9638AB40250043;0.000365;0.000292;0.000438;0.000345692038536;F;Double Float;False;Pass;0
Pass;514;C46//C82//C7//C8//C19;1;10119638#G9638AB40250043;0.002300;0.001840;0.002760;0.00222599506378;F;Double Float;False;Pass;0
Pass;515;FR0804;1;10119638#G9638AB40250043;1.300000;0.260000;2.340000;0.9267578125;Ohm;Double Float;False;Pass;0
Pass;516;FR1;1;10119638#G9638AB40250043;1.300000;0.300000;5.000000;1.06970214844;Ohm;Double Float;False;Pass;0
Pass;517;FR2;1;10119638#G9638AB40250043;1.300000;0.300000;5.000000;0.922119140625;Ohm;Double Float;False;Pass;0
Pass;518;FR3;1;10119638#G9638AB40250043;1.500000;0.300000;5.000000;1.31298828125;Ohm;Double Float;False;Pass;0
Pass;519;FR4;1;10119638#G9638AB40250043;1.500000;0.300000;5.000000;1.2578125;Ohm;Double Float;False;Pass;0
Pass;520;FR5;1;10119638#G9638AB40250043;1.500000;0.300000;5.000000;1.21813964844;Ohm;Double Float;False;Pass;0
Pass;521;FR6;1;10119638#G9638AB40250043;1.300000;0.300000;5.000000;0.971252441406;Ohm;Double Float;False;Pass;0
Pass;522;FR7;1;10119638#G9638AB40250043;1.500000;0.300000;5.000000;1.15502929688;Ohm;Double Float;False;Pass;0
Pass;523;FR8;1;10119638#G9638AB40250043;1.300000;0.300000;5.000000;1.05163574219;Ohm;Double Float;False;Pass;0
Pass;524;FR9;1;10119638#G9638AB40250043;1.300000;0.300000;5.000000;0.806396484375;Ohm;Double Float;False;Pass;0
Pass;525;FR10;1;10119638#G9638AB40250043;1.300000;0.300000;5.000000;0.82958984375;Ohm;Double Float;False;Pass;0
Pass;526;FR11;1;10119638#G9638AB40250043;1.300000;0.300000;5.000000;0.879638671875;Ohm;Double Float;False;Pass;0
Pass;527;FR12;1;10119638#G9638AB40250043;1.300000;0.300000;5.000000;0.954772949219;Ohm;Double Float;False;Pass;0
Pass;528;FR13;1;10119638#G9638AB40250043;1.300000;0.300000;5.000000;0.976257324219;Ohm;Double Float;False;Pass;0
Pass;529;FR14;1;10119638#G9638AB40250043;1.300000;0.300000;5.000000;0.933166503906;Ohm;Double Float;False;Pass;0
Pass;530;FR15;1;10119638#G9638AB40250043;1.500000;0.300000;5.000000;1.48229980469;Ohm;Double Float;False;Pass;0
Pass;531;FR200;1;10119638#G9638AB40250043;1.300000;0.300000;5.000000;1.05004882813;Ohm;Double Float;False;Pass;0
Pass;532;FR1500;1;10119638#G9638AB40250043;1.500000;0.300000;5.000000;1.4326171875;Ohm;Double Float;False;Pass;0
Pass;533;FR1501;1;10119638#G9638AB40250043;1.500000;0.300000;5.000000;1.32873535156;Ohm;Double Float;False;Pass;0
Pass;534;FR1502;1;10119638#G9638AB40250043;1.300000;0.300000;5.000000;0.948486328125;Ohm;Double Float;False;Pass;0
Pass;535;L2;1;10119638#G9638AB40250043;1.300000;0.260000;2.340000;0.765930175781;Ohm;Double Float;False;Pass;0
Pass;536;L3;1;10119638#G9638AB40250043;1.300000;0.260000;2.340000;0.75390625;Ohm;Double Float;False;Pass;0
Pass;537;L8;1;10119638#G9638AB40250043;7.000000E-5;4.690000E-5;9.310000E-5;6.42772429273E-5;H;Double Float;False;Pass;0
Pass;538;C74//D31_5/F5mA;1;10119638#G9638AB40250043;0.680000;0.612000;0.748000;0.6923828125;V;Double Float;False;Pass;0
Pass;539;C107//C109//C0806//C0807//C37//C2//C4//C48//C97//C209//C215//C221//C227//C237//C1200//D40//D49/F5mA;1;10119638#G9638AB40250043;0.240000;0.192000;0.288000;0.261413574219;V;Double Float;False;Pass;0
Pass;540;C107//C109//C0806//C0807//C37//C2//C4//C48//C97//C209//C215//C221//C227//C237//C1200//D40//D49/CAP;1;10119638#G9638AB40250043;0.000110;9.570000E-5;0.000124;0.000110428720317;F;Double Float;False;Pass;0
Pass;541;R63//C25/RES;1;10119638#G9638AB40250043;45300.000000;43488.000000;47112.000000;44553.0021162;Ohm;Double Float;False;Pass;0
Pass;542;C25//R63/CAP;1;10119638#G9638AB40250043;4.700000E-10;3.760000E-10;5.640000E-10;4.78420863464E-10;F;Double Float;False;Pass;0
Pass;543;R74//C36/RES;1;10119638#G9638AB40250043;73200.000000;70272.000000;76128.000000;72611.0034488;Ohm;Double Float;False;Pass;0
Pass;544;C36//R74/CAP;1;10119638#G9638AB40250043;4.700000E-10;3.760000E-10;5.640000E-10;4.7196913545E-10;F;Double Float;False;Pass;0
Pass;545;R128//C90/RES;1;10119638#G9638AB40250043;10000.000000;9200.000000;10800.000000;9964.50047329;Ohm;Double Float;False;Pass;0
Pass;546;C90//R128/CAP;1;10119638#G9638AB40250043;9.500000E-8;7.600000E-8;1.140000E-7;9.48694189942E-8;F;Double Float;False;Pass;0
Pass;547;R203//C234/RES;1;10119638#G9638AB40250043;2200.000000;2112.000000;2288.000000;2202.2501046;Ohm;Double Float;False;Pass;0
Pass;548;C234//R203/CAP;1;10119638#G9638AB40250043;1.000000E-7;8.000000E-8;1.200000E-7;8.76116512741E-8;F;Double Float;False;Pass;0
Pass;549;K1_1//D5_2/RES;1;10119638#G9638AB40250043;150.000000;90.000000;210.000000;143.5859375;Ohm;Double Float;False;Pass;0
Pass;550;K1_1//D5_2/F5mA;1;10119638#G9638AB40250043;0.600000;0.480000;0.720000;0.605590820312;V;Double Float;False;Pass;0
Pass;551;K2_1//D11_2/RES;1;10119638#G9638AB40250043;150.000000;90.000000;210.000000;143.9609375;Ohm;Double Float;False;Pass;0
Pass;552;K2_1//D11_2/F5mA;1;10119638#G9638AB40250043;0.600000;0.480000;0.720000;0.611328125;V;Double Float;False;Pass;0
Pass;553;D20_7//D20_9+D20_6//D20_8//D27_6//D27_8//D31_6//D31_8/F5mA;1;10119638#G9638AB40250043;0.680000;0.612000;0.748000;0.697082519531;V;Double Float;False;Pass;0
Pass;554;D20_7//D20_9+D800_3//D800_8//D1500_5//D1501_5/F5mA;1;10119638#G9638AB40250043;1.200000;0.960000;1.440000;0.974182128906;V;Double Float;False;Pass;0
Pass;555;D24_1//D39_1+D1501_2/F5mA;1;10119638#G9638AB40250043;1.160000;0.812000;1.508000;1.20788574219;V;Double Float;False;Pass;0
Pass;556;D26_7//D26_9+D26_6//D26_8/F5mA;1;10119638#G9638AB40250043;0.680000;0.612000;0.748000;0.696166992187;V;Double Float;False;Pass;0
Pass;557;D27_7//D27_9+D20_6//D20_8//D27_6//D27_8//D31_6//D31_8/F5mA;1;10119638#G9638AB40250043;0.650000;0.520000;0.780000;0.6640625;V;Double Float;False;Pass;0
Pass;558;D31_7//D31_9+D20_6//D20_8//D27_6//D27_8//D31_6//D31_8/F5mA;1;10119638#G9638AB40250043;0.680000;0.544000;0.816000;0.693359375;V;Double Float;False;Pass;0
Pass;559;C10//C39;1;10119638#G9638AB40250043;2.000000E-7;1.400000E-7;2.600000E-7;1.83083129109E-7;F;Double Float;False;Pass;0
Pass;560;C24//C1519//C50//C56//C78//C201//C53//C54//C1502//C1527//C0802//C0818//C0819//C1//C3//C5//C9//C17//C42//C43//C44//C51//C52//C55//C57//C58//C77//C96//C100//C114//C115//C200//C202//C203//C205//C206//C2;1;10119638#G9638AB40250043;0.000196;0.000137;0.000255;0.000196658014856;F;Double Float;False;Pass;0
Pass;561;C35//C83//C94//C0801//C16//C49//C75//C207//C213//C219//C225//C235//C800//D32//D800_5/F5mA;1;10119638#G9638AB40250043;0.580000;0.522000;0.638000;0.56591796875;V;Double Float;False;Pass;0
Pass;562;C35//C83//C94//C0801//C16//C49//C75//C207//C213//C219//C225//C235//C800//D32//D800_5/CAP;1;10119638#G9638AB40250043;0.000247;0.000173;0.000321;0.000240325867734;F;Double Float;False;Pass;0
Pass;563;C45//C93;1;10119638#G9638AB40250043;2.000000E-7;1.600000E-7;2.400000E-7;1.76833081518E-7;F;Double Float;False;Pass;0
Pass;564;C1511//C91//C1506//C1507//C1512//C1514//C1516//C1508//C1513//C1515//C1517;1;10119638#G9638AB40250043;4.300000E-5;3.440000E-5;5.160000E-5;4.20640554051E-5;F;Double Float;False;Pass;0
Pass;565;D2_1+D800_3//D800_8//D1500_5//D1501_5/F5mA;1;10119638#G9638AB40250043;1.500000;1.050000;1.950000;1.4375;V;Double Float;False;Pass;0
Pass;1;ICT;1;10119638#G9638AB40250043;PASS;;;PASS;;String;False;Pass;10653
Pass;2;1.2 Check 36V LED Status;1;10119638#G9638AB40250043;;50000.000000;70000.000000;53959;;Double Float;False;Pass;47
Pass;3;1.3 Check 24V LED Status;1;10119638#G9638AB40250043;;3000.000000;8000.000000;5241;;Double Float;False;Pass;0
Pass;4;1.4 Check 12V LED Status;1;10119638#G9638AB40250043;;3000.000000;8000.000000;4511;;Double Float;False;Pass;0
Pass;5;1.5 Check 5V LED Status;1;10119638#G9638AB40250043;;3000.000000;8000.000000;6267;;Double Float;False;Pass;0
Pass;6;1.6 Check 3V3 LED Status;1;10119638#G9638AB40250043;;3000.000000;8000.000000;5157;;Double Float;False;Pass;0
Pass;7;1.7 Verify 36V Path;1;10119638#G9638AB40250043;;35.600000;36.200000;35.9120569;V;Double Float;False;Pass;1855
Pass;8;1.7 Verify 36V Path Current;1;10119638#G9638AB40250043;;7.400000;7.800000;7.55191469;A;Double Float;False;Pass;0
Pass;9;1.8 Verify 24V Path;1;10119638#G9638AB40250043;;23.700000;24.200000;23.8388093;V;Double Float;False;Pass;1870
Pass;10;1.8 Verify 24V Path Current;1;10119638#G9638AB40250043;;3.600000;4.000000;3.77664692;A;Double Float;False;Pass;0
Pass;11;1.9 Verify 12V Path;1;10119638#G9638AB40250043;;11.340000;12.960000;12.1984414;V;Double Float;False;Pass;1884
Pass;12;1.9 Verify 12V Path Current;1;10119638#G9638AB40250043;;0.150000;0.250000;0.202968908;A;Double Float;False;Pass;0
Pass;13;1.10 Verify 5V Path;1;10119638#G9638AB40250043;;4.800000;5.200000;4.88661217;V;Double Float;False;Pass;1356
Pass;14;1.10 Verify 5V Path Current;1;10119638#G9638AB40250043;;1.900000;2.100000;1.95651441;A;Double Float;False;Pass;0
Pass;15;1.11 Verify 3V3 Path;1;10119638#G9638AB40250043;;3.000000;3.400000;3.07020242;V;Double Float;False;Pass;1288
Pass;16;1.11 Verify 3V3 Path Current;1;10119638#G9638AB40250043;;3.400000;4.000000;3.49770327;A;Double Float;False;Pass;0
Pass;17;1.12 Verify 36V Voltage drop default;1;10119638#G9638AB40250043;;3.200000;3.400000;3.31726647;V;Double Float;False;Pass;2413
Pass;18;1.12 Verify 36V Voltage drop no triggered;1;10119638#G9638AB40250043;;-0.100000;0.100000;0.00500828901;V;Double Float;False;Pass;0
Pass;19;1.12 Verify 36V Voltage drop triggered;1;10119638#G9638AB40250043;;3.200000;3.400000;3.31226137;V;Double Float;False;Pass;0
Pass;20;1.13 Verify 3V3 Reset default;1;10119638#G9638AB40250043;;3.200000;3.400000;3.31604754;V;Double Float;False;Pass;80
Pass;21;1.13 Verify 3V3 Reset triggered;1;10119638#G9638AB40250043;;-0.100000;0.100000;0.00721883444;V;Double Float;False;Pass;1705
Pass;22;1.14 Verify battery voltage;1;10119638#G9638AB40250043;;2.750000;3.400000;2.89707892;V;Double Float;False;Pass;63
Pass;23;2.2 USB J3 Voltage Enable;1;10119638#G9638AB40250043;;4.700000;5.200000;4.99928658;V;Double Float;False;Pass;4527
Pass;24;2.2 USB J3 Check LED D30;1;10119638#G9638AB40250043;;3000.000000;16000.000000;4603;;Double Float;False;Pass;0
Pass;25;2.2 USB J3 Verify Normal Operation;1;10119638#G9638AB40250043;;4.700000;5.200000;4.89468548;;Double Float;False;Pass;0
Pass;26;2.2 USB J3 Verify Normal Operation Current;1;10119638#G9638AB40250043;;0.480000;0.510000;0.496697172;A;Double Float;False;Pass;0
Pass;27;2.3 USB J5 Voltage Enable;1;10119638#G9638AB40250043;;4.700000;5.200000;4.99993202;V;Double Float;False;Pass;3238
Pass;28;2.3 USB J5 Check LED D29;1;10119638#G9638AB40250043;;3000.000000;16000.000000;10730;;Double Float;False;Pass;0
Pass;29;2.3 USB J5 Voltage Normal Operation;1;10119638#G9638AB40250043;;4.700000;5.200000;4.89320178;V;Double Float;False;Pass;0
Pass;30;2.3 USB J5 Voltage Normal Operation Current;1;10119638#G9638AB40250043;;0.475000;0.495000;0.483194265;A;Double Float;False;Pass;0
Pass;31;2.4 USB J11 Voltage Enable;1;10119638#G9638AB40250043;;4.700000;5.200000;4.99969725;V;Double Float;False;Pass;3237
Pass;32;2.4 USB J11 Check LED D25;1;10119638#G9638AB40250043;;3000.000000;16000.000000;11312;;Double Float;False;Pass;0
Pass;33;2.4 USB J11 Voltage Normal Operation;1;10119638#G9638AB40250043;;4.700000;5.200000;4.82239512;V;Double Float;False;Pass;0
Pass;34;2.4 USB J11 Voltage Normal Operation Current;1;10119638#G9638AB40250043;;1.400000;1.600000;1.43206256;A;Double Float;False;Pass;0
Pass;35;2.5 USB J16 Voltage Enable;1;10119638#G9638AB40250043;;4.700000;5.200000;4.99943049;V;Double Float;False;Pass;3228
Pass;36;2.5 USB J16 Check LED D19;1;10119638#G9638AB40250043;;3000.000000;18000.000000;15564;;Double Float;False;Pass;0
Pass;37;2.5 USB J16 Voltage Normal Operation;1;10119638#G9638AB40250043;;4.700000;5.200000;4.74705958;V;Double Float;False;Pass;0
Pass;38;2.5 USB J16 Voltage Normal Operation Current;1;10119638#G9638AB40250043;;1.400000;1.600000;1.52417872;A;Double Float;False;Pass;0
Pass;39;2.7 Verify USB Connection J5;1;10119638#G9638AB40250043;True;;;True;;String;False;Pass;81
Pass;40;2.8 Verify USB Connection J11;1;10119638#G9638AB40250043;True;;;True;;String;False;Pass;0
Pass;41;2.9 Verify USB Conneciton J16;1;10119638#G9638AB40250043;True;;;True;;String;False;Pass;0
Pass;42;2.10 Verify USB Conneciton mPCIE;1;10119638#G9638AB40250043;True;;;True;;String;False;Pass;0
Pass;43;3.2 Verify +1.2VE Power Supply;1;10119638#G9638AB40250043;;1.163000;1.240000;1.18305079;V;Double Float;False;Pass;463
Pass;44;3.2 Verify +1.2VE Power Supply Current;1;10119638#G9638AB40250043;;0.280000;0.320000;0.306978305;A;Double Float;False;Pass;0
Pass;45;3.3 Verify +1.8VE Power Supply;1;10119638#G9638AB40250043;;1.700000;1.840000;1.79066722;V;Double Float;False;Pass;450
Pass;46;3.3 Verify +1.8VE Power Supply Current;1;10119638#G9638AB40250043;;0.280000;0.320000;0.305066403;A;Double Float;False;Pass;0
Pass;47;3.4 Verify Reset Function;1;10119638#G9638AB40250043;;True;True;True;;String;False;Pass;1
Pass;48;3.6 ETH J3 Communication;1;10119638#G9638AB40250043;;True;Ture;True;;String;False;Pass;1
Skipped;49;3.7 ETH J3 Check Led Green;1;10119638#G9638AB40250043;;;;;;String;True;Fail;0
Skipped;50;3.7 ETH J3 Check Led Orange;1;10119638#G9638AB40250043;;;;;;String;True;Fail;0
Pass;51;3.8 ETH J5 Communication;1;10119638#G9638AB40250043;;True;True;True;;String;False;Pass;0
Skipped;52;3.9 ETH J5 Check Led Green;1;10119638#G9638AB40250043;;;;;;String;True;Fail;0
Skipped;53;3.9 ETH J5 Check Led Orange;1;10119638#G9638AB40250043;;;;;;String;True;Fail;0
Pass;54;3.10 ENET3 Communication;1;10119638#G9638AB40250043;;True;True;True;;String;False;Pass;0
Skipped;55;3.10 ENET3 Check Speed3;1;10119638#G9638AB40250043;;;;;;String;True;Fail;0
Skipped;56;3.10 ENET3 Check Link-ACT3;1;10119638#G9638AB40250043;;;;;;String;True;Fail;0
Pass;57;3.11 ENET4 Communication;1;10119638#G9638AB40250043;;True;Ture;True;;String;False;Pass;0
Skipped;58;3.11 ENET4 Check Speed3;1;10119638#G9638AB40250043;;;;;;String;True;Fail;0
Skipped;59;3.11 ENET4 Check Link-ACT4;1;10119638#G9638AB40250043;;;;;;String;True;Fail;0
Pass;60;5.2 Verify 24V-IO output;1;10119638#G9638AB40250043;;23.700000;24.200000;23.9926279;V;Double Float;False;Pass;184
Pass;61;5.3 Verify K1 Open Resistance;1;10119638#G9638AB40250043;;;;9.9E+37;Ohm;Double Float;False;Pass;454
Pass;62;5.3 Verify K1 Open Led;1;10119638#G9638AB40250043;;0.000000;1000.000000;0;;Double Float;False;Pass;53
Pass;63;5.3 Verify K1 Short Resistance;1;10119638#G9638AB40250043;;0.000000;0.200000;0.0896826171;Ohm;Double Float;False;Pass;428
Pass;64;5.3 Verify K1 Short Led;1;10119638#G9638AB40250043;;7000.000000;10000.000000;9317;;Double Float;False;Pass;52
Pass;65;5.4 Verify K2 Open Resistance;1;10119638#G9638AB40250043;;;;9.9E+37;Ohm;Double Float;False;Pass;428
Pass;66;5.4 Verify K2 Open Led;1;10119638#G9638AB40250043;;0.000000;1000.000000;0;;Double Float;False;Pass;53
Pass;67;5.4 Verify K2 Short Resistance;1;10119638#G9638AB40250043;;0.000000;0.200000;0.0939392266;Ohm;Double Float;False;Pass;429
Pass;68;5.4 Verify K2 Short Led;1;10119638#G9638AB40250043;;7000.000000;13000.000000;10452;;Double Float;False;Pass;51
Pass;69;5.5 Verify U14 Ch1 Inactive;1;10119638#G9638AB40250043;;-0.100000;4.000000;1.53927534;V;Double Float;False;Pass;86
Pass;70;5.5 Verify U14 Ch1 Active Led;1;10119638#G9638AB40250043;;7000.000000;13000.000000;10752;;Double Float;False;Pass;34
Pass;71;5.5 Verify U14 Ch1 Active Voltage;1;10119638#G9638AB40250043;;23.100000;24.200000;23.2085349;V;Double Float;False;Pass;85
Pass;72;5.5 Verify U14 Ch1 Active Current;1;10119638#G9638AB40250043;;0.800000;1.000000;0.90278402;A;Double Float;False;Pass;0
Pass;73;5.6 Verify U14 Ch2 Inactive;1;10119638#G9638AB40250043;;-0.100000;4.000000;1.54196331;V;Double Float;False;Pass;86
Pass;74;5.6 Verify U14 Ch2 Active Led;1;10119638#G9638AB40250043;;7000.000000;13000.000000;10849;;Double Float;False;Pass;34
Pass;75;5.6 Verify U14 Ch2 Active Voltage;1;10119638#G9638AB40250043;;23.100000;24.200000;23.2104664;V;Double Float;False;Pass;87
Pass;76;5.6 Verify U14 Ch2 Active Current;1;10119638#G9638AB40250043;;0.800000;1.000000;0.904437494;A;Double Float;False;Pass;0
Pass;77;5.7 Verify U5 PRINT_GO Low;1;10119638#G9638AB40250043;;-0.100000;0.100000;7.95296493E-5;V;Double Float;False;Pass;85
Pass;78;5.7 Verify U5 PRINT_GO High;1;10119638#G9638AB40250043;;3.100000;3.400000;3.31582907;V;Double Float;False;Pass;62
Pass;79;5.8 Verify U8 UC_IN1 Low;1;10119638#G9638AB40250043;;-0.100000;0.100000;8.16778507E-5;V;Double Float;False;Pass;61
Pass;80;5.8 Verify U8 UC_IN1 High;1;10119638#G9638AB40250043;;3.100000;3.400000;3.31583108;V;Double Float;False;Pass;63
Pass;81;5.9 Verify U24 UC_IN2 Low;1;10119638#G9638AB40250043;;-0.100000;0.100000;8.11465751E-5;V;Double Float;False;Pass;61
Pass;82;5.9 Verify U24 UC_IN2 High;1;10119638#G9638AB40250043;;3.100000;3.400000;3.315853;V;Double Float;False;Pass;63
Pass;83;6.2 Verify 24V NetC2_1;1;10119638#G9638AB40250043;;23.500000;24.100000;23.8090116;V;Double Float;False;Pass;1819
Pass;84;6.3 FAN_PWM Duty Cycle 10%;1;10119638#G9638AB40250043;;88.000000;92.000000;89.84;;Double Float;False;Pass;91
Pass;85;6.3 FAN_PWM Amplitue 10%;1;10119638#G9638AB40250043;;4.800000;5.200000;5;V;Double Float;False;Pass;85
Pass;86;6.3 FAN_PWM Frequency 10%;1;10119638#G9638AB40250043;;980.000000;1020.000000;1000;Hz;Double Float;False;Pass;80
Pass;87;6.3 FAN_PWM Duty Cycle 90%;1;10119638#G9638AB40250043;;9.800000;10.200000;9.84;;Double Float;False;Pass;102
Pass;88;6.3 FAN_PWM Amplitue 90%;1;10119638#G9638AB40250043;;4.800000;5.200000;5;V;Double Float;False;Pass;99
Pass;89;6.3 FAN_PWM Frequency 90%;1;10119638#G9638AB40250043;;980.000000;1020.000000;1000;Hz;Double Float;False;Pass;112
Pass;90;6.4 NetJ1_4 Duty Cycle 10%;1;10119638#G9638AB40250043;;9.800000;10.200000;10;;Double Float;False;Pass;90
Pass;91;6.4 NetJ1_4 Amplitue 10%;1;10119638#G9638AB40250043;;3.100000;3.500000;3.3;V;Double Float;False;Pass;92
Pass;92;6.4 NetJ1_4 Frequency 10%;1;10119638#G9638AB40250043;;980.000000;1020.000000;1000;Hz;Double Float;False;Pass;85
Pass;93;6.4 NetJ1_4 Duty Cycle 90%;1;10119638#G9638AB40250043;;88.000000;92.000000;90;;Double Float;False;Pass;82
Pass;94;6.4 NetJ1_4 Amplitue 90%;1;10119638#G9638AB40250043;;3.100000;3.500000;3.3;V;Double Float;False;Pass;115
Pass;95;6.4 NetJ1_4 Frequency 90%;1;10119638#G9638AB40250043;;980.000000;1020.000000;1000;Hz;Double Float;False;Pass;93
Pass;96;8.2 U901 Normal Operation;1;10119638#G9638AB40250043;;2.900000;3.400000;3.05487646;V;Double Float;False;Pass;772
Pass;97;8.2 U901 Normal Operation Current;1;10119638#G9638AB40250043;;2.200000;2.600000;2.25719033;A;Double Float;False;Pass;1
Pass;98;8.3 U7 1.5V LDO;1;10119638#G9638AB40250043;;1.425000;1.575000;1.46547278;V;Double Float;False;Pass;780
Pass;99;8.3 U7 1.5V LDO Current;1;10119638#G9638AB40250043;;0.600000;0.800000;0.667085876;A;Double Float;False;Pass;1
Pass;100;8.4 U903A LOW;1;10119638#G9638AB40250043;;-0.100000;0.100000;2.04194627E-5;V;Double Float;False;Pass;582
Pass;101;8.4 U903B LOW;1;10119638#G9638AB40250043;;-0.100000;0.100000;0.000731451024;V;Double Float;False;Pass;581
Pass;102;8.4 U903C LOW;1;10119638#G9638AB40250043;;-0.100000;0.100000;2.22673779E-5;V;Double Float;False;Pass;581
Pass;103;8.4 U903A HIGH;1;10119638#G9638AB40250043;;3.200000;3.400000;3.31022291;V;Double Float;False;Pass;787
Pass;104;8.4 U903B HIGH;1;10119638#G9638AB40250043;;3.200000;3.400000;3.31022263;V;Double Float;False;Pass;784
Pass;105;8.4 U903C HIGH;1;10119638#G9638AB40250043;;3.200000;3.400000;3.31019863;V;Double Float;False;Pass;789
Pass;106;8.5 U900 Send I2C3 to I2C3-SEC;1;10119638#G9638AB40250043;AABBCCDDEEFF1122;;;AABBCCDDEEFF1122;;String;False;Pass;1291
Pass;107;9.2 Verify 36V_IN Voltage;1;10119638#G9638AB40250043;;35.600000;36.300000;35.7347231;V;Double Float;False;Pass;1788
Pass;108;9.2 Verify 36V_IN Current;1;10119638#G9638AB40250043;;8.900000;9.100000;8.93789076;A;Double Float;False;Pass;1
Pass;109;9.3 Verify 24V_IN Voltage;1;10119638#G9638AB40250043;;23.600000;24.200000;23.7066732;V;Double Float;False;Pass;1789
Pass;110;9.3 Verify 24V_IN Current;1;10119638#G9638AB40250043;;1.500000;1.700000;1.60818674;A;Double Float;False;Pass;1
Pass;111;9.4 Verify 12V_IN Voltage;1;10119638#G9638AB40250043;;9.500000;12.100000;10.0703747;V;Double Float;False;Pass;781
Pass;112;9.4 Verify 12V_IN Current;1;10119638#G9638AB40250043;;0.030000;0.050000;0.0419790932;A;Double Float;False;Pass;1
Pass;113;10 Verify FPGA-LDVS-3P High;1;10119638#G9638AB40250043;;1.205000;1.600000;1.4773145;V;Double Float;False;Pass;85
Pass;114;10 Verify FPGA-LDVS-3N Low;1;10119638#G9638AB40250043;;0.900000;1.150000;0.962650618;V;Double Float;False;Pass;83
Pass;115;10 Verify FPGA-LDVS-3P Low;1;10119638#G9638AB40250043;;0.900000;1.150000;0.962949611;V;Double Float;False;Pass;63
Pass;116;10 Verify FPGA-LDVS-3N High;1;10119638#G9638AB40250043;;1.205000;1.600000;1.47706575;V;Double Float;False;Pass;79
Pass;117;11 Verify PC-SPARE1 High;1;10119638#G9638AB40250043;;3.200000;3.400000;3.31531957;V;Double Float;False;Pass;62
Pass;118;11 Verify PC-SPARE1 Low;1;10119638#G9638AB40250043;;-0.100000;0.100000;0.000174743479;V;Double Float;False;Pass;62
Pass;119;12.3 Write data to LIN;1;10119638#G9638AB40250043;AABBCCDDEEFF1122;;;AABBCCDDEEFF1122;;String;False;Pass;484
Pass;120;12.4 Read data from LIN;1;10119638#G9638AB40250043;AABBCCDDEEFF1122;;;AABBCCDDEEFF1122;;String;False;Pass;683
Pass;121;13.2 Write data to CAN;1;10119638#G9638AB40250043;AABBCCDDEEFF1122;;;AABBCCDDEEFF1122;;String;False;Pass;613
Pass;122;13.3 Read data from CAN;1;10119638#G9638AB40250043;AABBCCDDEEFF1122;;;AABBCCDDEEFF1122;;String;False;Pass;720
Pass;123;14.2 Verify operation I2C of U34;1;10119638#G9638AB40250043;AABBCCDDEEFF1122;;;AABBCCDDEEFF1122;;String;False;Pass;1283
Pass;124;14.3 Verify voltage regulator U15;1;10119638#G9638AB40250043;;4.500000;5.500000;4.96705987;V;Double Float;False;Pass;72
Pass;125;14.6 HDMI-CES-5V0 HIGH;1;10119638#G9638AB40250043;;3.200000;3.400000;3.28851807;V;Double Float;False;Pass;64
Pass;126;14.6 HDMI-CES-5V0 LOW;1;10119638#G9638AB40250043;;-0.100000;0.100000;0.00452644512;V;Double Float;False;Pass;63
Pass;127;14.6 HDMI-CES HIGH;1;10119638#G9638AB40250043;;3.200000;3.400000;3.31229964;V;Double Float;False;Pass;63
Pass;128;14.6 HDMI-CES LOW;1;10119638#G9638AB40250043;;-0.500000;0.900000;0.498187456;V;Double Float;False;Pass;62
Pass;129;14.7 HDMI-HPD HIGH;1;10119638#G9638AB40250043;1;;;1;V;String;False;Pass;0
Pass;130;14.7 HDMI-HPD LOW;1;10119638#G9638AB40250043;0;;;0;V;String;False;Pass;0
Pass;131;15.3 Temperature from U200;1;10119638#G9638AB40250043;;15;35;26.000;;String;False;Pass;206
Pass;132;15.3 Temperature external sensor;1;10119638#G9638AB40250043;;15.000000;35.000000;25.8601944097;;Double Float;False;Pass;478
Pass;133;15.3 Temperature difference;1;10119638#G9638AB40250043;;-3.000000;3.000000;0.13980559027;;Double Float;False;Pass;0
Pass;134;15.4 T-Alert Normal Operation;1;10119638#G9638AB40250043;;3.200000;3.400000;3.2999749;;Double Float;False;Pass;87
Pass;135;15.4 T-Alert Triggered;1;10119638#G9638AB40250043;;-0.100000;0.100000;0.00227275087;;Double Float;False;Pass;62
Pass;136;16.3 Read U21 AN0 Voltage;1;10119638#G9638AB40250043;;;;35.677;V;String;False;Pass;8
Pass;137;16.3 Meas 36V Voltage;1;10119638#G9638AB40250043;;;;36.0031369;V;Double Float;False;Pass;100
Pass;138;16.3 Voltage 36V Compare;1;10119638#G9638AB40250043;;-0.720000;0.720000;-0.3261369;;Double Float;False;Pass;0
Pass;139;16.4 Read U21 AN1 Current;1;10119638#G9638AB40250043;;;;0.043;;String;False;Pass;8
Pass;140;17 Read Device ID;1;10119638#G9638AB40250043;7F7F7F7F7F7FC22108;;;7F7F7F7F7F7FC22108;;String;False;Pass;207
Pass;141;19.4 Serial Number of Eeprom;1;10119638#G9638AB40250043;^[0-9A-Fa-f]{20,}$;;;1130412444100842207ea088a08800ba;;String;False;Pass;212
Pass;142;19.5 Write Data to Eeprom;1;10119638#G9638AB40250043;True;;;True;;String;False;Pass;166
Pass;143;19.5 Checksum of written data;1;10119638#G9638AB40250043;;;;3E7909A4;;String;False;Pass;0
Pass;144;19.6 Read data from Eeprom;1;10119638#G9638AB40250043;True;;;True;;String;False;Pass;192
Pass;145;19.6 Checksum fo read data;1;10119638#G9638AB40250043;;;;3E7909A4;;String;False;Pass;0
Pass;146;19.6 Checksum compare write and read;1;10119638#G9638AB40250043;True;;;True;;String;False;Pass;0
